asset,seed,fold_id,train_start,train_end,purge_start,purge_end,embargo_start,embargo_end,test_start,test_end,train_rows,test_rows,dataset_hash,feature_hash
SPY,11,long_window_01,2010-01-06,2024-01-11,2024-01-12,2024-02-09,2024-02-12,2024-02-16,2024-02-20,2024-08-19,3528,126,f6a2c862b9bf4ab413eaa2a79a93cda5eed51d335f391c48528794d65fb51b21,2338a5a4d6efca09
SPY,17,long_window_01,2010-01-06,2024-01-11,2024-01-12,2024-02-09,2024-02-12,2024-02-16,2024-02-20,2024-08-19,3528,126,f6a2c862b9bf4ab413eaa2a79a93cda5eed51d335f391c48528794d65fb51b21,2338a5a4d6efca09
SPY,23,long_window_01,2010-01-06,2024-01-11,2024-01-12,2024-02-09,2024-02-12,2024-02-16,2024-02-20,2024-08-19,3528,126,f6a2c862b9bf4ab413eaa2a79a93cda5eed51d335f391c48528794d65fb51b21,2338a5a4d6efca09
SPY,42,long_window_01,2010-01-06,2024-01-11,2024-01-12,2024-02-09,2024-02-12,2024-02-16,2024-02-20,2024-08-19,3528,126,f6a2c862b9bf4ab413eaa2a79a93cda5eed51d335f391c48528794d65fb51b21,2338a5a4d6efca09
SPY,11,long_window_02,2010-01-06,2024-07-15,2024-07-16,2024-08-12,2024-08-13,2024-08-19,2024-08-20,2025-02-20,3654,126,f6a2c862b9bf4ab413eaa2a79a93cda5eed51d335f391c48528794d65fb51b21,2338a5a4d6efca09
SPY,17,long_window_02,2010-01-06,2024-07-15,2024-07-16,2024-08-12,2024-08-13,2024-08-19,2024-08-20,2025-02-20,3654,126,f6a2c862b9bf4ab413eaa2a79a93cda5eed51d335f391c48528794d65fb51b21,2338a5a4d6efca09
SPY,23,long_window_02,2010-01-06,2024-07-15,2024-07-16,2024-08-12,2024-08-13,2024-08-19,2024-08-20,2025-02-20,3654,126,f6a2c862b9bf4ab413eaa2a79a93cda5eed51d335f391c48528794d65fb51b21,2338a5a4d6efca09
SPY,42,long_window_02,2010-01-06,2024-07-15,2024-07-16,2024-08-12,2024-08-13,2024-08-19,2024-08-20,2025-02-20,3654,126,f6a2c862b9bf4ab413eaa2a79a93cda5eed51d335f391c48528794d65fb51b21,2338a5a4d6efca09
QQQ,11,long_window_01,2010-01-06,2024-01-11,2024-01-12,2024-02-09,2024-02-12,2024-02-16,2024-02-20,2024-08-19,3528,126,74f882f2bacc12776f3a34c790bab7628b2dcd7a1ba2d0e55fa9b31420eb72d2,2338a5a4d6efca09
QQQ,17,long_window_01,2010-01-06,2024-01-11,2024-01-12,2024-02-09,2024-02-12,2024-02-16,2024-02-20,2024-08-19,3528,126,74f882f2bacc12776f3a34c790bab7628b2dcd7a1ba2d0e55fa9b31420eb72d2,2338a5a4d6efca09
QQQ,23,long_window_01,2010-01-06,2024-01-11,2024-01-12,2024-02-09,2024-02-12,2024-02-16,2024-02-20,2024-08-19,3528,126,74f882f2bacc12776f3a34c790bab7628b2dcd7a1ba2d0e55fa9b31420eb72d2,2338a5a4d6efca09
QQQ,42,long_window_01,2010-01-06,2024-01-11,2024-01-12,2024-02-09,2024-02-12,2024-02-16,2024-02-20,2024-08-19,3528,126,74f882f2bacc12776f3a34c790bab7628b2dcd7a1ba2d0e55fa9b31420eb72d2,2338a5a4d6efca09
QQQ,11,long_window_02,2010-01-06,2024-07-15,2024-07-16,2024-08-12,2024-08-13,2024-08-19,2024-08-20,2025-02-20,3654,126,74f882f2bacc12776f3a34c790bab7628b2dcd7a1ba2d0e55fa9b31420eb72d2,2338a5a4d6efca09
QQQ,17,long_window_02,2010-01-06,2024-07-15,2024-07-16,2024-08-12,2024-08-13,2024-08-19,2024-08-20,2025-02-20,3654,126,74f882f2bacc12776f3a34c790bab7628b2dcd7a1ba2d0e55fa9b31420eb72d2,2338a5a4d6efca09
QQQ,23,long_window_02,2010-01-06,2024-07-15,2024-07-16,2024-08-12,2024-08-13,2024-08-19,2024-08-20,2025-02-20,3654,126,74f882f2bacc12776f3a34c790bab7628b2dcd7a1ba2d0e55fa9b31420eb72d2,2338a5a4d6efca09
QQQ,42,long_window_02,2010-01-06,2024-07-15,2024-07-16,2024-08-12,2024-08-13,2024-08-19,2024-08-20,2025-02-20,3654,126,74f882f2bacc12776f3a34c790bab7628b2dcd7a1ba2d0e55fa9b31420eb72d2,2338a5a4d6efca09
VTI,11,long_window_01,2010-01-06,2024-01-11,2024-01-12,2024-02-09,2024-02-12,2024-02-16,2024-02-20,2024-08-19,3528,126,5f06883da464075df712571574c8ba1e9b460888668d33a7c8b694e88daf7b2e,2338a5a4d6efca09
VTI,17,long_window_01,2010-01-06,2024-01-11,2024-01-12,2024-02-09,2024-02-12,2024-02-16,2024-02-20,2024-08-19,3528,126,5f06883da464075df712571574c8ba1e9b460888668d33a7c8b694e88daf7b2e,2338a5a4d6efca09
VTI,23,long_window_01,2010-01-06,2024-01-11,2024-01-12,2024-02-09,2024-02-12,2024-02-16,2024-02-20,2024-08-19,3528,126,5f06883da464075df712571574c8ba1e9b460888668d33a7c8b694e88daf7b2e,2338a5a4d6efca09
VTI,42,long_window_01,2010-01-06,2024-01-11,2024-01-12,2024-02-09,2024-02-12,2024-02-16,2024-02-20,2024-08-19,3528,126,5f06883da464075df712571574c8ba1e9b460888668d33a7c8b694e88daf7b2e,2338a5a4d6efca09
VTI,11,long_window_02,2010-01-06,2024-07-15,2024-07-16,2024-08-12,2024-08-13,2024-08-19,2024-08-20,2025-02-20,3654,126,5f06883da464075df712571574c8ba1e9b460888668d33a7c8b694e88daf7b2e,2338a5a4d6efca09
VTI,17,long_window_02,2010-01-06,2024-07-15,2024-07-16,2024-08-12,2024-08-13,2024-08-19,2024-08-20,2025-02-20,3654,126,5f06883da464075df712571574c8ba1e9b460888668d33a7c8b694e88daf7b2e,2338a5a4d6efca09
VTI,23,long_window_02,2010-01-06,2024-07-15,2024-07-16,2024-08-12,2024-08-13,2024-08-19,2024-08-20,2025-02-20,3654,126,5f06883da464075df712571574c8ba1e9b460888668d33a7c8b694e88daf7b2e,2338a5a4d6efca09
VTI,42,long_window_02,2010-01-06,2024-07-15,2024-07-16,2024-08-12,2024-08-13,2024-08-19,2024-08-20,2025-02-20,3654,126,5f06883da464075df712571574c8ba1e9b460888668d33a7c8b694e88daf7b2e,2338a5a4d6efca09
VOO,11,long_window_01,2010-09-13,2024-03-19,2024-03-20,2024-04-17,2024-04-18,2024-04-24,2024-04-25,2024-10-23,3402,126,24a4296c1c75534851c0f357229739109946ea1ca5c269e44b6c6cdc8c2d2b6b,2338a5a4d6efca09
VOO,17,long_window_01,2010-09-13,2024-03-19,2024-03-20,2024-04-17,2024-04-18,2024-04-24,2024-04-25,2024-10-23,3402,126,24a4296c1c75534851c0f357229739109946ea1ca5c269e44b6c6cdc8c2d2b6b,2338a5a4d6efca09
VOO,23,long_window_01,2010-09-13,2024-03-19,2024-03-20,2024-04-17,2024-04-18,2024-04-24,2024-04-25,2024-10-23,3402,126,24a4296c1c75534851c0f357229739109946ea1ca5c269e44b6c6cdc8c2d2b6b,2338a5a4d6efca09
VOO,42,long_window_01,2010-09-13,2024-03-19,2024-03-20,2024-04-17,2024-04-18,2024-04-24,2024-04-25,2024-10-23,3402,126,24a4296c1c75534851c0f357229739109946ea1ca5c269e44b6c6cdc8c2d2b6b,2338a5a4d6efca09
VOO,11,long_window_02,2010-09-13,2024-09-18,2024-09-19,2024-10-16,2024-10-17,2024-10-23,2024-10-24,2025-04-28,3528,126,24a4296c1c75534851c0f357229739109946ea1ca5c269e44b6c6cdc8c2d2b6b,2338a5a4d6efca09
VOO,17,long_window_02,2010-09-13,2024-09-18,2024-09-19,2024-10-16,2024-10-17,2024-10-23,2024-10-24,2025-04-28,3528,126,24a4296c1c75534851c0f357229739109946ea1ca5c269e44b6c6cdc8c2d2b6b,2338a5a4d6efca09
VOO,23,long_window_02,2010-09-13,2024-09-18,2024-09-19,2024-10-16,2024-10-17,2024-10-23,2024-10-24,2025-04-28,3528,126,24a4296c1c75534851c0f357229739109946ea1ca5c269e44b6c6cdc8c2d2b6b,2338a5a4d6efca09
VOO,42,long_window_02,2010-09-13,2024-09-18,2024-09-19,2024-10-16,2024-10-17,2024-10-23,2024-10-24,2025-04-28,3528,126,24a4296c1c75534851c0f357229739109946ea1ca5c269e44b6c6cdc8c2d2b6b,2338a5a4d6efca09
IWM,11,long_window_01,2010-01-06,2024-01-11,2024-01-12,2024-02-09,2024-02-12,2024-02-16,2024-02-20,2024-08-19,3528,126,20094ff47d98933b9f09b411ef84d39e76ef41336e03d9c0c1cb670723007ac5,2338a5a4d6efca09
IWM,17,long_window_01,2010-01-06,2024-01-11,2024-01-12,2024-02-09,2024-02-12,2024-02-16,2024-02-20,2024-08-19,3528,126,20094ff47d98933b9f09b411ef84d39e76ef41336e03d9c0c1cb670723007ac5,2338a5a4d6efca09
IWM,23,long_window_01,2010-01-06,2024-01-11,2024-01-12,2024-02-09,2024-02-12,2024-02-16,2024-02-20,2024-08-19,3528,126,20094ff47d98933b9f09b411ef84d39e76ef41336e03d9c0c1cb670723007ac5,2338a5a4d6efca09
IWM,42,long_window_01,2010-01-06,2024-01-11,2024-01-12,2024-02-09,2024-02-12,2024-02-16,2024-02-20,2024-08-19,3528,126,20094ff47d98933b9f09b411ef84d39e76ef41336e03d9c0c1cb670723007ac5,2338a5a4d6efca09
IWM,11,long_window_02,2010-01-06,2024-07-15,2024-07-16,2024-08-12,2024-08-13,2024-08-19,2024-08-20,2025-02-20,3654,126,20094ff47d98933b9f09b411ef84d39e76ef41336e03d9c0c1cb670723007ac5,2338a5a4d6efca09
IWM,17,long_window_02,2010-01-06,2024-07-15,2024-07-16,2024-08-12,2024-08-13,2024-08-19,2024-08-20,2025-02-20,3654,126,20094ff47d98933b9f09b411ef84d39e76ef41336e03d9c0c1cb670723007ac5,2338a5a4d6efca09
IWM,23,long_window_02,2010-01-06,2024-07-15,2024-07-16,2024-08-12,2024-08-13,2024-08-19,2024-08-20,2025-02-20,3654,126,20094ff47d98933b9f09b411ef84d39e76ef41336e03d9c0c1cb670723007ac5,2338a5a4d6efca09
IWM,42,long_window_02,2010-01-06,2024-07-15,2024-07-16,2024-08-12,2024-08-13,2024-08-19,2024-08-20,2025-02-20,3654,126,20094ff47d98933b9f09b411ef84d39e76ef41336e03d9c0c1cb670723007ac5,2338a5a4d6efca09
DIA,11,long_window_01,2010-01-05,2024-01-10,2024-01-11,2024-02-08,2024-02-09,2024-02-15,2024-02-16,2024-08-16,3528,126,c9ac36b2bb7b1eb92bba3decf2af23cc0c3eee5e04aeab104e7a4cfdc882e589,2b971e337e3460de
DIA,17,long_window_01,2010-01-05,2024-01-10,2024-01-11,2024-02-08,2024-02-09,2024-02-15,2024-02-16,2024-08-16,3528,126,c9ac36b2bb7b1eb92bba3decf2af23cc0c3eee5e04aeab104e7a4cfdc882e589,2b971e337e3460de
DIA,23,long_window_01,2010-01-05,2024-01-10,2024-01-11,2024-02-08,2024-02-09,2024-02-15,2024-02-16,2024-08-16,3528,126,c9ac36b2bb7b1eb92bba3decf2af23cc0c3eee5e04aeab104e7a4cfdc882e589,2b971e337e3460de
DIA,42,long_window_01,2010-01-05,2024-01-10,2024-01-11,2024-02-08,2024-02-09,2024-02-15,2024-02-16,2024-08-16,3528,126,c9ac36b2bb7b1eb92bba3decf2af23cc0c3eee5e04aeab104e7a4cfdc882e589,2b971e337e3460de
DIA,11,long_window_02,2010-01-05,2024-07-12,2024-07-15,2024-08-09,2024-08-12,2024-08-16,2024-08-19,2025-02-19,3654,126,c9ac36b2bb7b1eb92bba3decf2af23cc0c3eee5e04aeab104e7a4cfdc882e589,2b971e337e3460de
DIA,17,long_window_02,2010-01-05,2024-07-12,2024-07-15,2024-08-09,2024-08-12,2024-08-16,2024-08-19,2025-02-19,3654,126,c9ac36b2bb7b1eb92bba3decf2af23cc0c3eee5e04aeab104e7a4cfdc882e589,2b971e337e3460de
DIA,23,long_window_02,2010-01-05,2024-07-12,2024-07-15,2024-08-09,2024-08-12,2024-08-16,2024-08-19,2025-02-19,3654,126,c9ac36b2bb7b1eb92bba3decf2af23cc0c3eee5e04aeab104e7a4cfdc882e589,2b971e337e3460de
DIA,42,long_window_02,2010-01-05,2024-07-12,2024-07-15,2024-08-09,2024-08-12,2024-08-16,2024-08-19,2025-02-19,3654,126,c9ac36b2bb7b1eb92bba3decf2af23cc0c3eee5e04aeab104e7a4cfdc882e589,2b971e337e3460de
XLK,11,long_window_01,2010-01-05,2024-01-10,2024-01-11,2024-02-08,2024-02-09,2024-02-15,2024-02-16,2024-08-16,3528,126,46ce6551ae70e4b3a4bd316ad6363bfd0b61b2e7feee6a8d106d46095c17df1d,2b971e337e3460de
XLK,17,long_window_01,2010-01-05,2024-01-10,2024-01-11,2024-02-08,2024-02-09,2024-02-15,2024-02-16,2024-08-16,3528,126,46ce6551ae70e4b3a4bd316ad6363bfd0b61b2e7feee6a8d106d46095c17df1d,2b971e337e3460de
XLK,23,long_window_01,2010-01-05,2024-01-10,2024-01-11,2024-02-08,2024-02-09,2024-02-15,2024-02-16,2024-08-16,3528,126,46ce6551ae70e4b3a4bd316ad6363bfd0b61b2e7feee6a8d106d46095c17df1d,2b971e337e3460de
XLK,42,long_window_01,2010-01-05,2024-01-10,2024-01-11,2024-02-08,2024-02-09,2024-02-15,2024-02-16,2024-08-16,3528,126,46ce6551ae70e4b3a4bd316ad6363bfd0b61b2e7feee6a8d106d46095c17df1d,2b971e337e3460de
XLK,11,long_window_02,2010-01-05,2024-07-12,2024-07-15,2024-08-09,2024-08-12,2024-08-16,2024-08-19,2025-02-19,3654,126,46ce6551ae70e4b3a4bd316ad6363bfd0b61b2e7feee6a8d106d46095c17df1d,2b971e337e3460de
XLK,17,long_window_02,2010-01-05,2024-07-12,2024-07-15,2024-08-09,2024-08-12,2024-08-16,2024-08-19,2025-02-19,3654,126,46ce6551ae70e4b3a4bd316ad6363bfd0b61b2e7feee6a8d106d46095c17df1d,2b971e337e3460de
XLK,23,long_window_02,2010-01-05,2024-07-12,2024-07-15,2024-08-09,2024-08-12,2024-08-16,2024-08-19,2025-02-19,3654,126,46ce6551ae70e4b3a4bd316ad6363bfd0b61b2e7feee6a8d106d46095c17df1d,2b971e337e3460de
XLK,42,long_window_02,2010-01-05,2024-07-12,2024-07-15,2024-08-09,2024-08-12,2024-08-16,2024-08-19,2025-02-19,3654,126,46ce6551ae70e4b3a4bd316ad6363bfd0b61b2e7feee6a8d106d46095c17df1d,2b971e337e3460de
XLF,11,long_window_01,2010-01-05,2024-01-10,2024-01-11,2024-02-08,2024-02-09,2024-02-15,2024-02-16,2024-08-16,3528,126,a6c88de18d8e4cad15446c70e0f6e7ce92460bdf2b22e044bc3394185e9f0700,2b971e337e3460de
XLF,17,long_window_01,2010-01-05,2024-01-10,2024-01-11,2024-02-08,2024-02-09,2024-02-15,2024-02-16,2024-08-16,3528,126,a6c88de18d8e4cad15446c70e0f6e7ce92460bdf2b22e044bc3394185e9f0700,2b971e337e3460de
XLF,23,long_window_01,2010-01-05,2024-01-10,2024-01-11,2024-02-08,2024-02-09,2024-02-15,2024-02-16,2024-08-16,3528,126,a6c88de18d8e4cad15446c70e0f6e7ce92460bdf2b22e044bc3394185e9f0700,2b971e337e3460de
XLF,42,long_window_01,2010-01-05,2024-01-10,2024-01-11,2024-02-08,2024-02-09,2024-02-15,2024-02-16,2024-08-16,3528,126,a6c88de18d8e4cad15446c70e0f6e7ce92460bdf2b22e044bc3394185e9f0700,2b971e337e3460de
XLF,11,long_window_02,2010-01-05,2024-07-12,2024-07-15,2024-08-09,2024-08-12,2024-08-16,2024-08-19,2025-02-19,3654,126,a6c88de18d8e4cad15446c70e0f6e7ce92460bdf2b22e044bc3394185e9f0700,2b971e337e3460de
XLF,17,long_window_02,2010-01-05,2024-07-12,2024-07-15,2024-08-09,2024-08-12,2024-08-16,2024-08-19,2025-02-19,3654,126,a6c88de18d8e4cad15446c70e0f6e7ce92460bdf2b22e044bc3394185e9f0700,2b971e337e3460de
XLF,23,long_window_02,2010-01-05,2024-07-12,2024-07-15,2024-08-09,2024-08-12,2024-08-16,2024-08-19,2025-02-19,3654,126,a6c88de18d8e4cad15446c70e0f6e7ce92460bdf2b22e044bc3394185e9f0700,2b971e337e3460de
XLF,42,long_window_02,2010-01-05,2024-07-12,2024-07-15,2024-08-09,2024-08-12,2024-08-16,2024-08-19,2025-02-19,3654,126,a6c88de18d8e4cad15446c70e0f6e7ce92460bdf2b22e044bc3394185e9f0700,2b971e337e3460de
XLE,11,long_window_01,2010-01-05,2024-01-10,2024-01-11,2024-02-08,2024-02-09,2024-02-15,2024-02-16,2024-08-16,3528,126,2d492c537e024fc8e02a25a24862f3d5dc267cb4a76c298c08c44dfec92145a5,2b971e337e3460de
XLE,17,long_window_01,2010-01-05,2024-01-10,2024-01-11,2024-02-08,2024-02-09,2024-02-15,2024-02-16,2024-08-16,3528,126,2d492c537e024fc8e02a25a24862f3d5dc267cb4a76c298c08c44dfec92145a5,2b971e337e3460de
XLE,23,long_window_01,2010-01-05,2024-01-10,2024-01-11,2024-02-08,2024-02-09,2024-02-15,2024-02-16,2024-08-16,3528,126,2d492c537e024fc8e02a25a24862f3d5dc267cb4a76c298c08c44dfec92145a5,2b971e337e3460de
XLE,42,long_window_01,2010-01-05,2024-01-10,2024-01-11,2024-02-08,2024-02-09,2024-02-15,2024-02-16,2024-08-16,3528,126,2d492c537e024fc8e02a25a24862f3d5dc267cb4a76c298c08c44dfec92145a5,2b971e337e3460de
XLE,11,long_window_02,2010-01-05,2024-07-12,2024-07-15,2024-08-09,2024-08-12,2024-08-16,2024-08-19,2025-02-19,3654,126,2d492c537e024fc8e02a25a24862f3d5dc267cb4a76c298c08c44dfec92145a5,2b971e337e3460de
XLE,17,long_window_02,2010-01-05,2024-07-12,2024-07-15,2024-08-09,2024-08-12,2024-08-16,2024-08-19,2025-02-19,3654,126,2d492c537e024fc8e02a25a24862f3d5dc267cb4a76c298c08c44dfec92145a5,2b971e337e3460de
XLE,23,long_window_02,2010-01-05,2024-07-12,2024-07-15,2024-08-09,2024-08-12,2024-08-16,2024-08-19,2025-02-19,3654,126,2d492c537e024fc8e02a25a24862f3d5dc267cb4a76c298c08c44dfec92145a5,2b971e337e3460de
XLE,42,long_window_02,2010-01-05,2024-07-12,2024-07-15,2024-08-09,2024-08-12,2024-08-16,2024-08-19,2025-02-19,3654,126,2d492c537e024fc8e02a25a24862f3d5dc267cb4a76c298c08c44dfec92145a5,2b971e337e3460de
EURUSD=X,11,long_window_01,2010-01-05,2024-01-12,2024-01-15,2024-02-09,2024-02-12,2024-02-16,2024-02-19,2024-08-12,3654,126,73c6c7a9ed9bf90648c88c6adef05f0e4ffebb1477ffceaf738f1b75d8cc4c39,417b63adf0e2823f
EURUSD=X,17,long_window_01,2010-01-05,2024-01-12,2024-01-15,2024-02-09,2024-02-12,2024-02-16,2024-02-19,2024-08-12,3654,126,73c6c7a9ed9bf90648c88c6adef05f0e4ffebb1477ffceaf738f1b75d8cc4c39,417b63adf0e2823f
EURUSD=X,23,long_window_01,2010-01-05,2024-01-12,2024-01-15,2024-02-09,2024-02-12,2024-02-16,2024-02-19,2024-08-12,3654,126,73c6c7a9ed9bf90648c88c6adef05f0e4ffebb1477ffceaf738f1b75d8cc4c39,417b63adf0e2823f
EURUSD=X,42,long_window_01,2010-01-05,2024-01-12,2024-01-15,2024-02-09,2024-02-12,2024-02-16,2024-02-19,2024-08-12,3654,126,73c6c7a9ed9bf90648c88c6adef05f0e4ffebb1477ffceaf738f1b75d8cc4c39,417b63adf0e2823f
EURUSD=X,11,long_window_02,2010-01-05,2024-07-08,2024-07-09,2024-08-05,2024-08-06,2024-08-12,2024-08-13,2025-02-05,3780,126,73c6c7a9ed9bf90648c88c6adef05f0e4ffebb1477ffceaf738f1b75d8cc4c39,417b63adf0e2823f
EURUSD=X,17,long_window_02,2010-01-05,2024-07-08,2024-07-09,2024-08-05,2024-08-06,2024-08-12,2024-08-13,2025-02-05,3780,126,73c6c7a9ed9bf90648c88c6adef05f0e4ffebb1477ffceaf738f1b75d8cc4c39,417b63adf0e2823f
EURUSD=X,23,long_window_02,2010-01-05,2024-07-08,2024-07-09,2024-08-05,2024-08-06,2024-08-12,2024-08-13,2025-02-05,3780,126,73c6c7a9ed9bf90648c88c6adef05f0e4ffebb1477ffceaf738f1b75d8cc4c39,417b63adf0e2823f
EURUSD=X,42,long_window_02,2010-01-05,2024-07-08,2024-07-09,2024-08-05,2024-08-06,2024-08-12,2024-08-13,2025-02-05,3780,126,73c6c7a9ed9bf90648c88c6adef05f0e4ffebb1477ffceaf738f1b75d8cc4c39,417b63adf0e2823f
GBPUSD=X,11,long_window_01,2010-01-05,2024-01-12,2024-01-15,2024-02-09,2024-02-12,2024-02-16,2024-02-19,2024-08-12,3654,126,2bad26306c2f2d641faaed101605f6fa48f7cff5773e99283f3310b2c3162d08,417b63adf0e2823f
GBPUSD=X,17,long_window_01,2010-01-05,2024-01-12,2024-01-15,2024-02-09,2024-02-12,2024-02-16,2024-02-19,2024-08-12,3654,126,2bad26306c2f2d641faaed101605f6fa48f7cff5773e99283f3310b2c3162d08,417b63adf0e2823f
GBPUSD=X,23,long_window_01,2010-01-05,2024-01-12,2024-01-15,2024-02-09,2024-02-12,2024-02-16,2024-02-19,2024-08-12,3654,126,2bad26306c2f2d641faaed101605f6fa48f7cff5773e99283f3310b2c3162d08,417b63adf0e2823f
GBPUSD=X,42,long_window_01,2010-01-05,2024-01-12,2024-01-15,2024-02-09,2024-02-12,2024-02-16,2024-02-19,2024-08-12,3654,126,2bad26306c2f2d641faaed101605f6fa48f7cff5773e99283f3310b2c3162d08,417b63adf0e2823f
GBPUSD=X,11,long_window_02,2010-01-05,2024-07-08,2024-07-09,2024-08-05,2024-08-06,2024-08-12,2024-08-13,2025-02-05,3780,126,2bad26306c2f2d641faaed101605f6fa48f7cff5773e99283f3310b2c3162d08,417b63adf0e2823f
GBPUSD=X,17,long_window_02,2010-01-05,2024-07-08,2024-07-09,2024-08-05,2024-08-06,2024-08-12,2024-08-13,2025-02-05,3780,126,2bad26306c2f2d641faaed101605f6fa48f7cff5773e99283f3310b2c3162d08,417b63adf0e2823f
GBPUSD=X,23,long_window_02,2010-01-05,2024-07-08,2024-07-09,2024-08-05,2024-08-06,2024-08-12,2024-08-13,2025-02-05,3780,126,2bad26306c2f2d641faaed101605f6fa48f7cff5773e99283f3310b2c3162d08,417b63adf0e2823f
GBPUSD=X,42,long_window_02,2010-01-05,2024-07-08,2024-07-09,2024-08-05,2024-08-06,2024-08-12,2024-08-13,2025-02-05,3780,126,2bad26306c2f2d641faaed101605f6fa48f7cff5773e99283f3310b2c3162d08,417b63adf0e2823f
JPY=X,11,long_window_01,2010-01-05,2024-01-12,2024-01-15,2024-02-09,2024-02-12,2024-02-16,2024-02-19,2024-08-12,3654,126,004ccbaf3374f0d2e4a5423cf0ccaceb6676da65d32e704a001eb87e382ef674,417b63adf0e2823f
JPY=X,17,long_window_01,2010-01-05,2024-01-12,2024-01-15,2024-02-09,2024-02-12,2024-02-16,2024-02-19,2024-08-12,3654,126,004ccbaf3374f0d2e4a5423cf0ccaceb6676da65d32e704a001eb87e382ef674,417b63adf0e2823f
JPY=X,23,long_window_01,2010-01-05,2024-01-12,2024-01-15,2024-02-09,2024-02-12,2024-02-16,2024-02-19,2024-08-12,3654,126,004ccbaf3374f0d2e4a5423cf0ccaceb6676da65d32e704a001eb87e382ef674,417b63adf0e2823f
JPY=X,42,long_window_01,2010-01-05,2024-01-12,2024-01-15,2024-02-09,2024-02-12,2024-02-16,2024-02-19,2024-08-12,3654,126,004ccbaf3374f0d2e4a5423cf0ccaceb6676da65d32e704a001eb87e382ef674,417b63adf0e2823f
JPY=X,11,long_window_02,2010-01-05,2024-07-08,2024-07-09,2024-08-05,2024-08-06,2024-08-12,2024-08-13,2025-02-05,3780,126,004ccbaf3374f0d2e4a5423cf0ccaceb6676da65d32e704a001eb87e382ef674,417b63adf0e2823f
JPY=X,17,long_window_02,2010-01-05,2024-07-08,2024-07-09,2024-08-05,2024-08-06,2024-08-12,2024-08-13,2025-02-05,3780,126,004ccbaf3374f0d2e4a5423cf0ccaceb6676da65d32e704a001eb87e382ef674,417b63adf0e2823f
JPY=X,23,long_window_02,2010-01-05,2024-07-08,2024-07-09,2024-08-05,2024-08-06,2024-08-12,2024-08-13,2025-02-05,3780,126,004ccbaf3374f0d2e4a5423cf0ccaceb6676da65d32e704a001eb87e382ef674,417b63adf0e2823f
JPY=X,42,long_window_02,2010-01-05,2024-07-08,2024-07-09,2024-08-05,2024-08-06,2024-08-12,2024-08-13,2025-02-05,3780,126,004ccbaf3374f0d2e4a5423cf0ccaceb6676da65d32e704a001eb87e382ef674,417b63adf0e2823f
INR=X,11,long_window_01,2010-01-05,2024-01-12,2024-01-15,2024-02-09,2024-02-12,2024-02-16,2024-02-19,2024-08-12,3654,126,447df4e1451340960910c3255b976e4414ac0098b7ce8c64a5c9ebd0e029de30,417b63adf0e2823f
INR=X,17,long_window_01,2010-01-05,2024-01-12,2024-01-15,2024-02-09,2024-02-12,2024-02-16,2024-02-19,2024-08-12,3654,126,447df4e1451340960910c3255b976e4414ac0098b7ce8c64a5c9ebd0e029de30,417b63adf0e2823f
INR=X,23,long_window_01,2010-01-05,2024-01-12,2024-01-15,2024-02-09,2024-02-12,2024-02-16,2024-02-19,2024-08-12,3654,126,447df4e1451340960910c3255b976e4414ac0098b7ce8c64a5c9ebd0e029de30,417b63adf0e2823f
INR=X,42,long_window_01,2010-01-05,2024-01-12,2024-01-15,2024-02-09,2024-02-12,2024-02-16,2024-02-19,2024-08-12,3654,126,447df4e1451340960910c3255b976e4414ac0098b7ce8c64a5c9ebd0e029de30,417b63adf0e2823f
INR=X,11,long_window_02,2010-01-05,2024-07-08,2024-07-09,2024-08-05,2024-08-06,2024-08-12,2024-08-13,2025-02-05,3780,126,447df4e1451340960910c3255b976e4414ac0098b7ce8c64a5c9ebd0e029de30,417b63adf0e2823f
INR=X,17,long_window_02,2010-01-05,2024-07-08,2024-07-09,2024-08-05,2024-08-06,2024-08-12,2024-08-13,2025-02-05,3780,126,447df4e1451340960910c3255b976e4414ac0098b7ce8c64a5c9ebd0e029de30,417b63adf0e2823f
INR=X,23,long_window_02,2010-01-05,2024-07-08,2024-07-09,2024-08-05,2024-08-06,2024-08-12,2024-08-13,2025-02-05,3780,126,447df4e1451340960910c3255b976e4414ac0098b7ce8c64a5c9ebd0e029de30,417b63adf0e2823f
INR=X,42,long_window_02,2010-01-05,2024-07-08,2024-07-09,2024-08-05,2024-08-06,2024-08-12,2024-08-13,2025-02-05,3780,126,447df4e1451340960910c3255b976e4414ac0098b7ce8c64a5c9ebd0e029de30,417b63adf0e2823f
AUDUSD=X,11,long_window_01,2010-01-04,2024-01-12,2024-01-15,2024-02-09,2024-02-12,2024-02-16,2024-02-19,2024-08-12,3654,126,b2e01212a47cb33f1055f9043cde57461e0d38fbc654bbc84bbafaabda7053b3,88e9ecbf3372e4e3
AUDUSD=X,17,long_window_01,2010-01-04,2024-01-12,2024-01-15,2024-02-09,2024-02-12,2024-02-16,2024-02-19,2024-08-12,3654,126,b2e01212a47cb33f1055f9043cde57461e0d38fbc654bbc84bbafaabda7053b3,88e9ecbf3372e4e3
AUDUSD=X,23,long_window_01,2010-01-04,2024-01-12,2024-01-15,2024-02-09,2024-02-12,2024-02-16,2024-02-19,2024-08-12,3654,126,b2e01212a47cb33f1055f9043cde57461e0d38fbc654bbc84bbafaabda7053b3,88e9ecbf3372e4e3
AUDUSD=X,42,long_window_01,2010-01-04,2024-01-12,2024-01-15,2024-02-09,2024-02-12,2024-02-16,2024-02-19,2024-08-12,3654,126,b2e01212a47cb33f1055f9043cde57461e0d38fbc654bbc84bbafaabda7053b3,88e9ecbf3372e4e3
AUDUSD=X,11,long_window_02,2010-01-04,2024-07-08,2024-07-09,2024-08-05,2024-08-06,2024-08-12,2024-08-13,2025-02-05,3780,126,b2e01212a47cb33f1055f9043cde57461e0d38fbc654bbc84bbafaabda7053b3,88e9ecbf3372e4e3
AUDUSD=X,17,long_window_02,2010-01-04,2024-07-08,2024-07-09,2024-08-05,2024-08-06,2024-08-12,2024-08-13,2025-02-05,3780,126,b2e01212a47cb33f1055f9043cde57461e0d38fbc654bbc84bbafaabda7053b3,88e9ecbf3372e4e3
AUDUSD=X,23,long_window_02,2010-01-04,2024-07-08,2024-07-09,2024-08-05,2024-08-06,2024-08-12,2024-08-13,2025-02-05,3780,126,b2e01212a47cb33f1055f9043cde57461e0d38fbc654bbc84bbafaabda7053b3,88e9ecbf3372e4e3
AUDUSD=X,42,long_window_02,2010-01-04,2024-07-08,2024-07-09,2024-08-05,2024-08-06,2024-08-12,2024-08-13,2025-02-05,3780,126,b2e01212a47cb33f1055f9043cde57461e0d38fbc654bbc84bbafaabda7053b3,88e9ecbf3372e4e3
CAD=X,11,long_window_01,2010-01-04,2024-01-12,2024-01-15,2024-02-09,2024-02-12,2024-02-16,2024-02-19,2024-08-12,3654,126,ff2d71a2bf4d2fa1e7133cfdd1a978ad452345770379e45863893754baaad66a,88e9ecbf3372e4e3
CAD=X,17,long_window_01,2010-01-04,2024-01-12,2024-01-15,2024-02-09,2024-02-12,2024-02-16,2024-02-19,2024-08-12,3654,126,ff2d71a2bf4d2fa1e7133cfdd1a978ad452345770379e45863893754baaad66a,88e9ecbf3372e4e3
CAD=X,23,long_window_01,2010-01-04,2024-01-12,2024-01-15,2024-02-09,2024-02-12,2024-02-16,2024-02-19,2024-08-12,3654,126,ff2d71a2bf4d2fa1e7133cfdd1a978ad452345770379e45863893754baaad66a,88e9ecbf3372e4e3
CAD=X,42,long_window_01,2010-01-04,2024-01-12,2024-01-15,2024-02-09,2024-02-12,2024-02-16,2024-02-19,2024-08-12,3654,126,ff2d71a2bf4d2fa1e7133cfdd1a978ad452345770379e45863893754baaad66a,88e9ecbf3372e4e3
CAD=X,11,long_window_02,2010-01-04,2024-07-08,2024-07-09,2024-08-05,2024-08-06,2024-08-12,2024-08-13,2025-02-05,3780,126,ff2d71a2bf4d2fa1e7133cfdd1a978ad452345770379e45863893754baaad66a,88e9ecbf3372e4e3
CAD=X,17,long_window_02,2010-01-04,2024-07-08,2024-07-09,2024-08-05,2024-08-06,2024-08-12,2024-08-13,2025-02-05,3780,126,ff2d71a2bf4d2fa1e7133cfdd1a978ad452345770379e45863893754baaad66a,88e9ecbf3372e4e3
CAD=X,23,long_window_02,2010-01-04,2024-07-08,2024-07-09,2024-08-05,2024-08-06,2024-08-12,2024-08-13,2025-02-05,3780,126,ff2d71a2bf4d2fa1e7133cfdd1a978ad452345770379e45863893754baaad66a,88e9ecbf3372e4e3
CAD=X,42,long_window_02,2010-01-04,2024-07-08,2024-07-09,2024-08-05,2024-08-06,2024-08-12,2024-08-13,2025-02-05,3780,126,ff2d71a2bf4d2fa1e7133cfdd1a978ad452345770379e45863893754baaad66a,88e9ecbf3372e4e3
AAPL,11,long_window_01,2010-01-06,2024-01-11,2024-01-12,2024-02-09,2024-02-12,2024-02-16,2024-02-20,2024-08-19,3528,126,db848942557954090608d4a0b4580a57d614664bf54811935457ff26165b00a1,2338a5a4d6efca09
AAPL,17,long_window_01,2010-01-06,2024-01-11,2024-01-12,2024-02-09,2024-02-12,2024-02-16,2024-02-20,2024-08-19,3528,126,db848942557954090608d4a0b4580a57d614664bf54811935457ff26165b00a1,2338a5a4d6efca09
AAPL,23,long_window_01,2010-01-06,2024-01-11,2024-01-12,2024-02-09,2024-02-12,2024-02-16,2024-02-20,2024-08-19,3528,126,db848942557954090608d4a0b4580a57d614664bf54811935457ff26165b00a1,2338a5a4d6efca09
AAPL,42,long_window_01,2010-01-06,2024-01-11,2024-01-12,2024-02-09,2024-02-12,2024-02-16,2024-02-20,2024-08-19,3528,126,db848942557954090608d4a0b4580a57d614664bf54811935457ff26165b00a1,2338a5a4d6efca09
AAPL,11,long_window_02,2010-01-06,2024-07-15,2024-07-16,2024-08-12,2024-08-13,2024-08-19,2024-08-20,2025-02-20,3654,126,db848942557954090608d4a0b4580a57d614664bf54811935457ff26165b00a1,2338a5a4d6efca09
AAPL,17,long_window_02,2010-01-06,2024-07-15,2024-07-16,2024-08-12,2024-08-13,2024-08-19,2024-08-20,2025-02-20,3654,126,db848942557954090608d4a0b4580a57d614664bf54811935457ff26165b00a1,2338a5a4d6efca09
AAPL,23,long_window_02,2010-01-06,2024-07-15,2024-07-16,2024-08-12,2024-08-13,2024-08-19,2024-08-20,2025-02-20,3654,126,db848942557954090608d4a0b4580a57d614664bf54811935457ff26165b00a1,2338a5a4d6efca09
AAPL,42,long_window_02,2010-01-06,2024-07-15,2024-07-16,2024-08-12,2024-08-13,2024-08-19,2024-08-20,2025-02-20,3654,126,db848942557954090608d4a0b4580a57d614664bf54811935457ff26165b00a1,2338a5a4d6efca09
UNH,11,long_window_01,2010-01-06,2024-01-11,2024-01-12,2024-02-09,2024-02-12,2024-02-16,2024-02-20,2024-08-19,3528,126,15a72d10de7e3fe0ab584e1206986735a631a60402ab5544a7d5e783f41616d8,2338a5a4d6efca09
UNH,17,long_window_01,2010-01-06,2024-01-11,2024-01-12,2024-02-09,2024-02-12,2024-02-16,2024-02-20,2024-08-19,3528,126,15a72d10de7e3fe0ab584e1206986735a631a60402ab5544a7d5e783f41616d8,2338a5a4d6efca09
UNH,23,long_window_01,2010-01-06,2024-01-11,2024-01-12,2024-02-09,2024-02-12,2024-02-16,2024-02-20,2024-08-19,3528,126,15a72d10de7e3fe0ab584e1206986735a631a60402ab5544a7d5e783f41616d8,2338a5a4d6efca09
UNH,42,long_window_01,2010-01-06,2024-01-11,2024-01-12,2024-02-09,2024-02-12,2024-02-16,2024-02-20,2024-08-19,3528,126,15a72d10de7e3fe0ab584e1206986735a631a60402ab5544a7d5e783f41616d8,2338a5a4d6efca09
UNH,11,long_window_02,2010-01-06,2024-07-15,2024-07-16,2024-08-12,2024-08-13,2024-08-19,2024-08-20,2025-02-20,3654,126,15a72d10de7e3fe0ab584e1206986735a631a60402ab5544a7d5e783f41616d8,2338a5a4d6efca09
UNH,17,long_window_02,2010-01-06,2024-07-15,2024-07-16,2024-08-12,2024-08-13,2024-08-19,2024-08-20,2025-02-20,3654,126,15a72d10de7e3fe0ab584e1206986735a631a60402ab5544a7d5e783f41616d8,2338a5a4d6efca09
UNH,23,long_window_02,2010-01-06,2024-07-15,2024-07-16,2024-08-12,2024-08-13,2024-08-19,2024-08-20,2025-02-20,3654,126,15a72d10de7e3fe0ab584e1206986735a631a60402ab5544a7d5e783f41616d8,2338a5a4d6efca09
UNH,42,long_window_02,2010-01-06,2024-07-15,2024-07-16,2024-08-12,2024-08-13,2024-08-19,2024-08-20,2025-02-20,3654,126,15a72d10de7e3fe0ab584e1206986735a631a60402ab5544a7d5e783f41616d8,2338a5a4d6efca09
AMZN,11,long_window_01,2010-01-06,2024-01-11,2024-01-12,2024-02-09,2024-02-12,2024-02-16,2024-02-20,2024-08-19,3528,126,a277f43152d70af03d6ee489315b36a2b1dab588258ca530e9d846228ab7ae7c,2338a5a4d6efca09
AMZN,17,long_window_01,2010-01-06,2024-01-11,2024-01-12,2024-02-09,2024-02-12,2024-02-16,2024-02-20,2024-08-19,3528,126,a277f43152d70af03d6ee489315b36a2b1dab588258ca530e9d846228ab7ae7c,2338a5a4d6efca09
AMZN,23,long_window_01,2010-01-06,2024-01-11,2024-01-12,2024-02-09,2024-02-12,2024-02-16,2024-02-20,2024-08-19,3528,126,a277f43152d70af03d6ee489315b36a2b1dab588258ca530e9d846228ab7ae7c,2338a5a4d6efca09
AMZN,42,long_window_01,2010-01-06,2024-01-11,2024-01-12,2024-02-09,2024-02-12,2024-02-16,2024-02-20,2024-08-19,3528,126,a277f43152d70af03d6ee489315b36a2b1dab588258ca530e9d846228ab7ae7c,2338a5a4d6efca09
AMZN,11,long_window_02,2010-01-06,2024-07-15,2024-07-16,2024-08-12,2024-08-13,2024-08-19,2024-08-20,2025-02-20,3654,126,a277f43152d70af03d6ee489315b36a2b1dab588258ca530e9d846228ab7ae7c,2338a5a4d6efca09
AMZN,17,long_window_02,2010-01-06,2024-07-15,2024-07-16,2024-08-12,2024-08-13,2024-08-19,2024-08-20,2025-02-20,3654,126,a277f43152d70af03d6ee489315b36a2b1dab588258ca530e9d846228ab7ae7c,2338a5a4d6efca09
AMZN,23,long_window_02,2010-01-06,2024-07-15,2024-07-16,2024-08-12,2024-08-13,2024-08-19,2024-08-20,2025-02-20,3654,126,a277f43152d70af03d6ee489315b36a2b1dab588258ca530e9d846228ab7ae7c,2338a5a4d6efca09
AMZN,42,long_window_02,2010-01-06,2024-07-15,2024-07-16,2024-08-12,2024-08-13,2024-08-19,2024-08-20,2025-02-20,3654,126,a277f43152d70af03d6ee489315b36a2b1dab588258ca530e9d846228ab7ae7c,2338a5a4d6efca09
NVDA,11,long_window_01,2010-01-06,2024-01-11,2024-01-12,2024-02-09,2024-02-12,2024-02-16,2024-02-20,2024-08-19,3528,126,db1dde35dbf4c241c30b395c52ebe67d2a8bcc1fa3d4fa59a974a39d21b4addf,2338a5a4d6efca09
NVDA,17,long_window_01,2010-01-06,2024-01-11,2024-01-12,2024-02-09,2024-02-12,2024-02-16,2024-02-20,2024-08-19,3528,126,db1dde35dbf4c241c30b395c52ebe67d2a8bcc1fa3d4fa59a974a39d21b4addf,2338a5a4d6efca09
NVDA,23,long_window_01,2010-01-06,2024-01-11,2024-01-12,2024-02-09,2024-02-12,2024-02-16,2024-02-20,2024-08-19,3528,126,db1dde35dbf4c241c30b395c52ebe67d2a8bcc1fa3d4fa59a974a39d21b4addf,2338a5a4d6efca09
NVDA,42,long_window_01,2010-01-06,2024-01-11,2024-01-12,2024-02-09,2024-02-12,2024-02-16,2024-02-20,2024-08-19,3528,126,db1dde35dbf4c241c30b395c52ebe67d2a8bcc1fa3d4fa59a974a39d21b4addf,2338a5a4d6efca09
NVDA,11,long_window_02,2010-01-06,2024-07-15,2024-07-16,2024-08-12,2024-08-13,2024-08-19,2024-08-20,2025-02-20,3654,126,db1dde35dbf4c241c30b395c52ebe67d2a8bcc1fa3d4fa59a974a39d21b4addf,2338a5a4d6efca09
NVDA,17,long_window_02,2010-01-06,2024-07-15,2024-07-16,2024-08-12,2024-08-13,2024-08-19,2024-08-20,2025-02-20,3654,126,db1dde35dbf4c241c30b395c52ebe67d2a8bcc1fa3d4fa59a974a39d21b4addf,2338a5a4d6efca09
NVDA,23,long_window_02,2010-01-06,2024-07-15,2024-07-16,2024-08-12,2024-08-13,2024-08-19,2024-08-20,2025-02-20,3654,126,db1dde35dbf4c241c30b395c52ebe67d2a8bcc1fa3d4fa59a974a39d21b4addf,2338a5a4d6efca09
NVDA,42,long_window_02,2010-01-06,2024-07-15,2024-07-16,2024-08-12,2024-08-13,2024-08-19,2024-08-20,2025-02-20,3654,126,db1dde35dbf4c241c30b395c52ebe67d2a8bcc1fa3d4fa59a974a39d21b4addf,2338a5a4d6efca09
TSLA,11,long_window_01,2010-07-01,2024-01-05,2024-01-08,2024-02-05,2024-02-06,2024-02-12,2024-02-13,2024-08-13,3402,126,391e1933f45b94cb6182db8f066ca2a491ce0741705e96f17c7e212278aa042a,2338a5a4d6efca09
TSLA,17,long_window_01,2010-07-01,2024-01-05,2024-01-08,2024-02-05,2024-02-06,2024-02-12,2024-02-13,2024-08-13,3402,126,391e1933f45b94cb6182db8f066ca2a491ce0741705e96f17c7e212278aa042a,2338a5a4d6efca09
TSLA,23,long_window_01,2010-07-01,2024-01-05,2024-01-08,2024-02-05,2024-02-06,2024-02-12,2024-02-13,2024-08-13,3402,126,391e1933f45b94cb6182db8f066ca2a491ce0741705e96f17c7e212278aa042a,2338a5a4d6efca09
TSLA,42,long_window_01,2010-07-01,2024-01-05,2024-01-08,2024-02-05,2024-02-06,2024-02-12,2024-02-13,2024-08-13,3402,126,391e1933f45b94cb6182db8f066ca2a491ce0741705e96f17c7e212278aa042a,2338a5a4d6efca09
TSLA,11,long_window_02,2010-07-01,2024-07-09,2024-07-10,2024-08-06,2024-08-07,2024-08-13,2024-08-14,2025-02-13,3528,126,391e1933f45b94cb6182db8f066ca2a491ce0741705e96f17c7e212278aa042a,2338a5a4d6efca09
TSLA,17,long_window_02,2010-07-01,2024-07-09,2024-07-10,2024-08-06,2024-08-07,2024-08-13,2024-08-14,2025-02-13,3528,126,391e1933f45b94cb6182db8f066ca2a491ce0741705e96f17c7e212278aa042a,2338a5a4d6efca09
TSLA,23,long_window_02,2010-07-01,2024-07-09,2024-07-10,2024-08-06,2024-08-07,2024-08-13,2024-08-14,2025-02-13,3528,126,391e1933f45b94cb6182db8f066ca2a491ce0741705e96f17c7e212278aa042a,2338a5a4d6efca09
TSLA,42,long_window_02,2010-07-01,2024-07-09,2024-07-10,2024-08-06,2024-08-07,2024-08-13,2024-08-14,2025-02-13,3528,126,391e1933f45b94cb6182db8f066ca2a491ce0741705e96f17c7e212278aa042a,2338a5a4d6efca09
